{
  "project_info": {
    "project_number": "460413900856",
    "firebase_url": "https://fizykor-ac84d.firebaseio.com",
    "project_id": "fizykor-ac84d",
    "storage_bucket": "fizykor-ac84d.appspot.com"
  },
  "client": [
    {
      "client_info": {
        "mobilesdk_app_id": "1:460413900856:android:3230f23365b050f9",
        "android_client_info": {
          "package_name": "com.clakestudio.pc.fizykor"
        }
      },
      "oauth_client": [
        {
          "client_id": "460413900856-f7djj33ulc52c039ui1t87p1e3ia9a93.apps.googleusercontent.com",
          "client_type": 1,
          "android_info": {
            "package_name": "com.clakestudio.pc.fizykor",
            "certificate_hash": "cf7323f73ca68df1f220590d95a48f6eec017545"
          }
        },
        {
          "client_id": "460413900856-rasr6rfooo0u710bu5rsct8lf6i838k9.apps.googleusercontent.com",
          "client_type": 3
        }
      ],
      "api_key": [
        {
          "current_key": "AIzaSyD6f9KD2tIjiq23lo0X6oYZRerkg5xQfpU"
        }
      ],
      "services": {
        "analytics_service": {
          "status": 1
        },
        "appinvite_service": {
          "status": 1,
          "other_platform_oauth_client": []
        },
        "ads_service": {
          "status": 2
        }
      },
      "admob_app_id": "ca-app-pub-8124828420072466~5005460436"
    }
  ],
  "configuration_version": "1"
}